finca,fecha,capitulo,item,respuesta,responsable avgust,hallazgo observacion,recomendacion
Finca San Isidro,2026-06-25,1,1.1,Sí cumple,Luis Pérez,,
Finca San Isidro,2026-06-25,1,1.2,Sí cumple,Luis Pérez,,
Finca San Isidro,2026-06-25,2,2.1,Sí cumple,Luis Pérez,,
Finca San Isidro,2026-06-25,2,2.2,Sí cumple,Luis Pérez,,
Finca San Isidro,2026-06-25,3,3.1,No cumple,Luis Pérez,Hallazgo en criterio 3.1: incumplimiento observado en campo durante la visita.,"Corregir el incumplimiento de 3.1. Verificar evidencia, EPP y registro antes de la siguiente visita de acompañamiento."
Finca San Isidro,2026-06-25,4,4.1,Sí cumple,Luis Pérez,,
Finca San Isidro,2026-06-25,4,4.2,No cumple,Luis Pérez,Hallazgo en criterio 4.2: incumplimiento observado en campo durante la visita.,"Corregir el incumplimiento de 4.2. Verificar evidencia, EPP y registro antes de la siguiente visita de acompañamiento."
Finca San Isidro,2026-06-25,5,5.1,No cumple,Luis Pérez,Hallazgo en criterio 5.1: incumplimiento observado en campo durante la visita.,"Corregir el incumplimiento de 5.1. Verificar evidencia, EPP y registro antes de la siguiente visita de acompañamiento."
Finca San Isidro,2026-06-25,5,5.2,Sí cumple,Luis Pérez,,
Finca San Isidro,2026-06-25,5,5.3,Sí cumple,Luis Pérez,,
